USE sivenp;
DELETE FROM historico_pagamento;
DELETE FROM listar_vendas;
DELETE FROM vendas;
DELETE FROM clientes;
DELETE FROM produtos;
DELETE FROM categorias;
DELETE FROM usuario;
DELETE FROM empresa;
-- empresa --
INSERT INTO empresa (cod, nome, cnpj, endereco, telefone, email) VALUES 
('1', 'CB Produtos', '02.757.614/0001-48', ' Travessa João Pessoa, nº 215, Centro - Itaituba - Pará, CEP: 68180-650', '(93) 3518-5544 | 99204-7878', 'contato@cbprodutos.com.br');

-- usuarios do sistema --
INSERT INTO usuario (cod, cod_empresa, nome, usuario, email, senha, nivel_acesso, imagem, status, data) VALUES ('1', '1', 'Administrador', 'admin', 'admin@cbprodutos.com.br', md5('123'), '3', null, '1', '2019-05-11');
INSERT INTO usuario (cod, cod_empresa, nome, usuario, email, senha, nivel_acesso, imagem, status, data) VALUES ('2', '1', 'Carlos Alves', 'carlos', 'carlos@cbprodutos.com.br', md5('123'), '2', null, '1', '2019-05-11');
INSERT INTO usuario (cod, cod_empresa, nome, usuario, email, senha, nivel_acesso, imagem, status, data) VALUES ('3', '1', 'Bruna Alves', 'bruna', 'bruna@cbprodutos.com.br', md5('123'), '2', null, '1', '2019-05-11');


-- categorias --
INSERT INTO categorias (cod,cod_empresa,nome) VALUES 
('1', '1', 'Limpeza'),
('2', '1', 'Higiene e uso pessoal'),
('3', '1', 'Alimentícios'),
('4', '1', 'Frios'),
('5', '1', 'Carnes'),
('6', '1', 'Pães'),
('7', '1', 'Hortifruti'),
('8', '1', 'Congelados'),
('9', '1', 'Bebida'),
('10', '1', 'Bebida Alcoólica'),
('11', '1', 'Material Escolar'),
('12', '1', 'Utilidades'),
('13', '1', 'Outros');


-- produtos --
INSERT INTO produtos (cod, cod_empresa, cod_categoria, nome, quantidade, valor_uni_custo, valor_uni_venda, valor_uni_receita, valor_total_receita) VALUES
('1', '1', '3', 'Aveia em flocos', '46', '7', '8', '1', '46'),
('2', '1', '3', 'Caldo de carne', '4', '3', '10', '7', '28'),
('3', '1', '3', 'Caldo de galinha', '21', '6', '7', '1', '21'),
('4', '1', '3', 'Caldo de legumes', '48', '3', '8', '5', '240'),
('5', '1', '3', 'Catchup', '27', '7', '10', '3', '81'),
('6', '1', '3', 'Extrato de tomate', '12', '6', '8', '2', '24'),
('7', '1', '3', 'Gelatina em pó', '37', '4', '8', '4', '148'),
('8', '1', '3', 'Iogurte de frutas', '42', '5', '11', '6', '252'),
('9', '1', '3', 'Leite de coco', '32', '6', '10', '4', '128'),
('10', '1', '3', 'Leite fermentado', '46', '2', '9', '7', '322'),
('11', '1', '3', 'Macarrão instantâneo', '37', '5', '10', '5', '185'),
('12', '1', '3', 'Massa de lasanha', '4', '3', '7', '4', '16'),
('13', '1', '3', 'Óleo', '22', '4', '7', '3', '66'),
('14', '1', '3', 'Sal', '7', '4', '11', '7', '49'),
('15', '1', '3', 'Suco de frutas', '20', '4', '8', '4', '80'),
('16', '1', '3', 'Adoçante', '9', '4', '11', '7', '63'),
('17', '1', '3', 'Azeite', '32', '4', '10', '6', '192'),
('18', '1', '3', 'Bebida láctea', '4', '4', '9', '5', '20'),
('19', '1', '3', 'Cereal', '7', '2', '7', '5', '35'),
('20', '1', '3', 'Creme de leite', '14', '5', '10', '5', '70'),
('21', '1', '3', 'Fermento biológico', '24', '3', '7', '4', '96'),
('22', '1', '3', 'Geléia', '30', '4', '7', '3', '90'),
('23', '1', '3', 'Iogurte natural', '44', '4', '7', '3', '132'),
('24', '1', '3', 'Leite desnatado', '47', '4', '7', '3', '141'),
('25', '1', '3', 'Leite integral', '34', '2', '7', '5', '170'),
('26', '1', '3', 'Maionese', '7', '2', '9', '7', '49'),
('27', '1', '3', 'Molho de tomate', '11', '6', '7', '1', '11'),
('28', '1', '3', 'Ovos', '19', '6', '9', '3', '57'),
('29', '1', '3', 'Sal grosso', '24', '3', '7', '4', '96'),
('30', '1', '3', 'Torradas', '21', '5', '10', '5', '105'),
('31', '1', '3', 'Arroz', '49', '7', '8', '1', '49'),
('32', '1', '3', 'Barras de cereal', '4', '4', '7', '3', '12'),
('33', '1', '3', 'Chá em saquinho', '28', '2', '9', '7', '196'),
('34', '1', '3', 'Essência de baunilha', '43', '6', '8', '2', '86'),
('35', '1', '3', 'Fermento em pó', '39', '3', '9', '6', '234'),
('36', '1', '3', 'Granola', '7', '6', '10', '4', '28'),
('37', '1', '3', 'Leite condensado', '8', '2', '8', '6', '48'),
('38', '1', '3', 'Leite em pó', '17', '6', '9', '3', '51'),
('39', '1', '3', 'Macarrão', '25', '6', '10', '4', '100'),
('40', '1', '3', 'Maisena', '9', '7', '9', '2', '18'),
('41', '1', '3', 'Mostarda', '47', '5', '10', '5', '235'),
('42', '1', '3', 'Polpa de tomate', '7', '3', '10', '7', '49'),
('43', '1', '3', 'Sopa', '30', '5', '11', '6', '180'),
('44', '1', '3', 'Vinagre', '14', '3', '11', '8', '112'),
('45', '1', '3', 'Massa de bolo', '13', '5', '8', '3', '39'),
('46', '1', '3', 'Biscoito', '5', '5', '8', '3', '15'),
('47', '1', '3', 'Café', '6', '6', '7', '1', '6'),
('48', '1', '3', 'Farinha de rosca', '50', '6', '9', '3', '150'),
('49', '1', '3', 'Farinha de mandioca', '34', '7', '10', '3', '102'),
('50', '1', '3', 'Farinha de trigo', '27', '4', '9', '5', '135'),
('51', '1', '3', 'Farinha de milho', '22', '4', '7', '3', '66'),
('52', '1', '3', 'Feijão', '28', '7', '10', '3', '84'),
('53', '1', '3', 'Lentilha', '26', '5', '10', '5', '130'),
('54', '1', '3', 'Fubá', '20', '7', '9', '2', '40'),
('55', '1', '3', 'Soja', '29', '4', '7', '3', '87'),
('56', '1', '3', 'Farofa', '22', '6', '9', '3', '66'),
('57', '1', '3', 'Grão de bico', '23', '2', '11', '9', '207'),
('58', '1', '3', 'Achocolatado em pó', '46', '6', '7', '1', '46'),
('59', '1', '3', 'Azeitonas', '48', '3', '10', '7', '336'),
('60', '1', '3', 'Palmito', '38', '6', '11', '5', '190'),
('61', '1', '3', 'Aspargo', '36', '5', '8', '3', '108'),
('62', '1', '3', 'Champignon', '5', '3', '8', '5', '25'),
('63', '1', '3', 'Atum', '33', '6', '9', '3', '99'),
('64', '1', '7', 'Ervilha', '7', '6', '8', '2', '14'),
('65', '1', '7', 'Milho', '50', '6', '9', '3', '150'),
('66', '1', '7', 'Almôndegas', '5', '3', '9', '6', '30'),
('67', '1', '3', 'Margarina', '4', '3', '10', '7', '28'),
('68', '1', '3', 'Requeijão', '30', '3', '9', '6', '180'),
('69', '1', '3', 'Gordura vegeral', '30', '5', '11', '6', '180'),
('70', '1', '3', 'Queijo muçarela', '40', '5', '7', '2', '80'),
('71', '1', '3', 'Queijo branco', '7', '4', '7', '3', '21'),
('72', '1', '3', 'Queijo parmesão ralado', '40', '3', '10', '7', '280'),
('73', '1', '3', 'Manteiga', '9', '6', '10', '4', '36'),
('74', '1', '5', 'Carne bovina', '32', '4', '9', '5', '160'),
('75', '1', '5', 'Filé de peixe', '18', '7', '11', '4', '72'),
('76', '1', '5', 'Lingüiça', '42', '2', '11', '9', '378'),
('77', '1', '5', 'Frango', '45', '3', '8', '5', '225'),
('78', '1', '5', 'Peito de frango', '20', '6', '11', '5', '100'),
('79', '1', '5', 'Empanados', '34', '3', '9', '6', '204'),
('80', '1', '5', 'Hambúrguer', '16', '2', '8', '6', '96'),
('81', '1', '5', 'Peixe', '30', '6', '9', '3', '90'),
('82', '1', '9', 'Água mineral', '22', '3', '10', '7', '154'),
('83', '1', '9', 'Suco', '31', '2', '10', '8', '248'),
('84', '1', '9', 'Refrigerante', '13', '4', '7', '3', '39'),
('85', '1', '3', 'Açúcar', '21', '3', '7', '4', '84'),
('86', '1', '1', 'Chá', '28', '3', '8', '5', '140'),
('87', '1', '1', 'Achocolatado', '8', '7', '10', '3', '24'),
('88', '1', '1', 'Leite', '16', '2', '7', '5', '80'),
('89', '1', '6', 'Páo', '6', '4', '11', '7', '42'),
('90', '1', '3', 'Amido de Milho', '10', '3', '7', '4', '40'),
('91', '1', '3', 'Fermento', '32', '3', '7', '4', '128'),
('92', '1', '3', 'Gelatina', '27', '5', '10', '5', '135'),
('93', '1', '3', 'Ketchup', '41', '4', '8', '4', '164'),
('94', '1', '3', 'Tempero Pronto', '5', '6', '7', '1', '5'),
('95', '1', '7', 'Alface', '10', '2', '8', '6', '60'),
('96', '1', '7', 'Repolho', '28', '7', '11', '4', '112'),
('97', '1', '7', 'Vagem', '20', '6', '8', '2', '40'),
('98', '1', '7', 'Tomate', '31', '4', '7', '3', '93'),
('99', '1', '7', 'Pepino', '10', '5', '11', '6', '60'),
('100', '1', '7', 'Cebola', '24', '4', '10', '6', '144'),
('101', '1', '7', 'Batata', '46', '5', '8', '3', '138'),
('102', '1', '7', 'Cenoura', '33', '4', '7', '3', '99'),
('103', '1', '7', 'Pimentão', '30', '5', '7', '2', '60'),
('104', '1', '7', 'Chuchu', '42', '3', '7', '4', '168'),
('105', '1', '7', 'Limão', '13', '3', '9', '6', '78'),
('106', '1', '7', 'Banana', '28', '4', '10', '6', '168'),
('107', '1', '7', 'Mamão', '46', '5', '10', '5', '230'),
('108', '1', '7', 'Melão', '40', '7', '9', '2', '80'),
('109', '1', '7', 'Laranja', '25', '3', '7', '4', '100'),
('110', '1', '7', 'Abacaxi', '7', '6', '11', '5', '35'),
('111', '1', '7', 'Morango', '9', '3', '11', '8', '72'),
('112', '1', '7', 'Maçã', '46', '2', '10', '8', '368'),
('113', '1', '7', 'Maracujá', '20', '7', '8', '1', '20'),
('114', '1', '7', 'Melancia', '34', '7', '9', '2', '68'),
('115', '1', '1', 'Detergente', '34', '2', '8', '6', '204'),
('116', '1', '1', 'Desinfetante', '16', '5', '11', '6', '96'),
('117', '1', '1', 'Água sanitária', '11', '4', '9', '5', '55'),
('118', '1', '1', 'Sabão em Pó', '7', '4', '8', '4', '28'),
('119', '1', '1', 'Sabão em pedra', '28', '6', '8', '2', '56'),
('120', '1', '1', 'Amaciante', '26', '2', '8', '6', '156'),
('121', '1', '1', 'Álcool', '30', '3', '10', '7', '210'),
('122', '1', '1', 'Lustra móveis', '38', '6', '8', '2', '76'),
('123', '1', '1', 'Inseticida', '11', '6', '9', '3', '33'),
('124', '1', '1', 'Saco de Lixo', '34', '3', '11', '8', '272'),
('125', '1', '1', 'Papel Toalha', '41', '5', '7', '2', '82'),
('126', '1', '1', 'Guardanapo', '24', '3', '8', '5', '120'),
('127', '1', '1', 'Papel Alumínio', '29', '6', '7', '1', '29'),
('128', '1', '1', 'Filme plástico', '20', '7', '10', '3', '60'),
('129', '1', '1', 'Esponja de aço', '31', '2', '11', '9', '279'),
('130', '1', '1', 'Rodo / vassoura', '29', '5', '11', '6', '174'),
('131', '1', '12', 'Fósforo', '10', '3', '11', '8', '80'),
('132', '1', '12', 'Vela', '36', '5', '7', '2', '72'),
('133', '1', '12', 'Lâmpada', '10', '6', '10', '4', '40'),
('134', '1', '12', 'Palito de dente', '44', '2', '8', '6', '264'),
('135', '1', '12', 'Filtro para café', '47', '2', '7', '5', '235'),
('136', '1', '2', 'Shampoo', '15', '4', '11', '7', '105'),
('137', '1', '2', 'Condicionador', '11', '3', '7', '4', '44'),
('138', '1', '2', 'Sabonete', '41', '3', '7', '4', '164'),
('139', '1', '2', 'Desodorante', '21', '5', '9', '4', '84'),
('140', '1', '2', 'Papel higiênico', '9', '5', '8', '3', '27'),
('141', '1', '2', 'Creme dental', '45', '5', '11', '6', '270'),
('142', '1', '2', 'Fio dental', '10', '5', '8', '3', '30'),
('143', '1', '2', 'Escova de dentes', '24', '5', '7', '2', '48'),
('144', '1', '2', 'Cotonete', '46', '2', '8', '6', '276'),
('145', '1', '2', 'Algodão', '5', '4', '7', '3', '15'),
('146', '1', '2', 'Absorvente', '16', '4', '9', '5', '80'),
('147', '1', '5', 'Bife', '32', '4', '11', '7', '224'),
('148', '1', '5', 'Carne Moída', '36', '5', '7', '2', '72'),
('149', '1', '5', 'Carne de frango', '42', '6', '10', '4', '168'),
('150', '1', '5', 'Presunto', '4', '4', '11', '7', '28'),
('151', '1', '5', 'Mussarela', '42', '7', '10', '3', '126'),
('152', '1', '5', 'Mortadela', '8', '2', '10', '8', '64'),
('153', '1', '5', 'Salsicha', '49', '4', '8', '4', '196'),
('154', '1', '5', 'Linguiça', '37', '2', '11', '9', '333'),
('155', '1', '5', 'Biscoitos', '30', '4', '10', '6', '180'),
('156', '1', '5', 'Carnes', '12', '6', '9', '3', '36'),
('157', '1', '3', 'Farinha', '35', '3', '11', '8', '280'),
('158', '1', '3', 'Hortaliças', '13', '5', '11', '6', '78'),
('159', '1', '3', 'Iogurte', '42', '6', '11', '5', '210'),
('160', '1', '3', 'Margarina ou manteiga', '29', '7', '8', '1', '29'),
('161', '1', '6', 'Pães', '36', '6', '9', '3', '108'),
('162', '1', '3', 'Queijo ralado', '43', '5', '7', '2', '86'),
('163', '1', '3', 'Temperos', '5', '4', '11', '7', '35'),
('164', '1', '12', 'Álcool em gel', '18', '5', '7', '2', '36'),
('165', '1', '1', 'Esponja de pia', '14', '4', '11', '7', '98'),
('166', '1', '1', 'Flanelas', '26', '5', '7', '2', '52'),
('167', '1', '1', 'Lustra-móveis', '12', '2', '7', '5', '60'),
('168', '1', '1', 'Luvas plásticas', '5', '3', '7', '4', '20'),
('169', '1', '1', 'Sabão em barra', '50', '5', '10', '5', '250'),
('170', '1', '1', 'Sacos de lixo', '25', '2', '11', '9', '225'),
('171', '1', '2', 'Absorventes', '38', '2', '7', '5', '190'),
('172', '1', '2', 'Água oxigenada', '43', '2', '9', '7', '301'),
('173', '1', '2', 'Barbeador descartável', '13', '4', '10', '6', '78'),
('174', '1', '2', 'Creme de barbear', '32', '3', '7', '4', '128'),
('175', '1', '2', 'Curativos', '34', '4', '8', '4', '136'),
('176', '1', '2', 'Escova de dente', '17', '2', '8', '6', '102'),
('177', '1', '2', 'Esparadrapo', '31', '3', '9', '6', '186'),
('178', '1', '2', 'Gaze', '16', '7', '11', '4', '64'),
('179', '1', '2', 'Hastes flexíveis', '23', '3', '7', '4', '92'),
('180', '1', '2', 'Shampoo e condicionador', '27', '5', '10', '5', '135'),
('181', '1', '2', 'Esponja', '20', '5', '11', '6', '120'),
('182', '1', '12', 'Filtros para café', '18', '4', '10', '6', '108'),
('183', '1', '12', 'Fósforos', '50', '5', '7', '2', '100'),
('184', '1', '12', 'Guardanapos', '7', '7', '10', '3', '21'),
('185', '1', '1', 'Palha de aço', '14', '7', '10', '3', '42'),
('186', '1', '2', 'Palitos de dente', '6', '3', '7', '4', '24'),
('187', '1', '12', 'Velas', '44', '5', '10', '5', '220');

-- clientes --
INSERT INTO clientes (cod, cod_empresa, nome, categoria, cpf_cnpj, telefone, email, rua, numero, bairro, complemento, cidade, estado, cep) VALUES
('1', '1', 'JOAB TORRES ALENCAR', 'Pessoa Física', '000.000.555-90', '(93) 99204-7173', 'joabtorres1508@gmai.com', 'AV. ROTARY', '1065', 'SÃO TOMÉ', 'Residência', 'ITAITUBA', 'PA', '68180-390'), 
('2', '1', 'Cooperativa dos Taxistas de Itaituba - COOTAX', 'Pessoa Juridica', '08.223.742/0001-98.', '(93) 3518-1252', 'cootax.itb@gmail.com', 'TRAV. JOÃO PESSOA', '215', 'CENTRO', '', 'ITAITUBA', 'PA', '68180-650'), 
('3', '1', 'Kananda Negócios Imobiliários', 'Pessoa Juridica', '17.639.359/0001-06', '(93) 3518-0367', 'contato@kananda.imb.br', 'Rua Quarta (4ª)', '361', 'Floresta', '', 'ITAITUBA', 'PA', '68.181-300'), 
('4', '1', 'Caroline Braga', 'Pessoa Física', '000.555.444-40', '(93) 98112-8585', 'carol.braga@hotmail.com', 'AV. RIO BRANCO', '545', 'Liberdade', 'CONDOMÍNIO', 'ITAITUBA', 'PA', '68180-554'), 
('5', '1', 'Carlos Roberto Alves', 'Pessoa Física', '555.444.666-50', '(93) 99215-5454', 'carlos.alves@outlook.com', 'TRAV. SÃO JOÃO', '1055', 'BELA VISTA', 'Residência', 'ITAITUBA', 'PA', '68154-505'), 
('6', '1', 'Kadja Fernandes', 'Pessoa Física', '666.777.555-84', '(93) 99222-3334', 'kadja.fer@gmail.com', 'TRAV. JURO A DEUS', '1050', 'SÃO TOMÉ', 'RESIDENCIAL', 'ITAITUBA', 'PA', '68180-965');

-- vendas --
INSERT INTO vendas (cod, cod_empresa, cod_cliente, valor_total, desconto, valor_final, valor_pago, valor_restante, status, data) VALUES
('1', '1', '1', '16', '0', '16', '8', '8', 'EM ABERTO', '2019-08-20'),
('2', '1', '2', '120', '0', '120', '120', '0', 'PAGO', '2019-08-22');

-- lista de vendas --
INSERT INTO listar_vendas (cod, cod_venda, cod_produto, quantidade, valor_uni_venda, valor_total, data) VALUES
('1', '1', '1', '2', '8', '16', '2019-08-20'),
('2', '2', '2', '5', '10', '50', '2019-08-22'),
('3', '2', '3', '10', '7', '70', '2019-08-22');


-- historico_pagamento --
INSERT INTO historico_pagamento (cod, cod_venda, valor, data) VALUES
('1', '1', '5', '2019-08-20'),
('2', '1', '3', '2019-08-20'),
('3', '2', '120', '2019-08-22');

